index,dataset,prompt,iou,dice,precision,recall,gt_coverage
211,drywall,segment taping area,0.000000,0.000000,0.000000,0.000000,0.00
165,cracks,segment crack,0.024348,0.047539,0.025668,0.321432,2.74
202,cracks,segment crack,0.053769,0.102050,1.000000,0.053769,26.29
194,drywall,segment taping area,0.113092,0.203204,0.765079,0.117161,1.00
169,cracks,segment crack,0.142914,0.250086,0.972934,0.143484,22.75
19,cracks,segment crack,0.195466,0.327013,0.611071,0.223239,2.80
301,drywall,segment taping area,0.221701,0.362938,0.238927,0.754604,20.38
213,cracks,segment crack,0.225728,0.368317,0.996422,0.225911,4.21
232,cracks,segment crack,0.237727,0.384135,0.991178,0.238231,11.97
131,cracks,segment crack,0.262715,0.416111,0.262857,0.997936,2.37
293,cracks,segment crack,0.263091,0.416583,0.998682,0.263182,4.22
208,drywall,segment taping area,0.265217,0.419243,0.836222,0.279748,2.91
369,cracks,segment crack,0.271771,0.427390,0.397181,0.462573,2.63
116,cracks,segment crack,0.282876,0.441003,0.995189,0.283263,15.15
94,cracks,segment crack,0.290788,0.450558,1.000000,0.290788,4.67
218,cracks,segment crack,0.293945,0.454339,0.566011,0.379471,3.87
319,cracks,segment crack,0.309235,0.472391,0.309451,0.997753,1.09
227,cracks,segment crack,0.319347,0.484098,0.998553,0.319495,20.04
317,cracks,segment crack,0.321522,0.486594,1.000000,0.321522,4.37
124,cracks,segment crack,0.322240,0.487416,0.337017,0.880231,8.16
174,cracks,segment crack,0.329211,0.495348,0.460022,0.536551,7.73
381,cracks,segment crack,0.330397,0.496690,0.988290,0.331696,1.24
44,cracks,segment crack,0.334014,0.500765,0.337614,0.969061,5.89
78,cracks,segment crack,0.350823,0.519421,0.972094,0.354392,5.38
107,cracks,segment crack,0.355780,0.524834,0.355962,0.998564,1.19
328,cracks,segment crack,0.357994,0.527240,0.990063,0.359285,12.39
244,cracks,segment crack,0.360698,0.530166,0.365268,0.966472,0.96
199,cracks,segment crack,0.363761,0.533467,0.366621,0.979003,3.92
212,cracks,segment crack,0.368602,0.538655,0.370447,0.986667,0.53
73,cracks,segment crack,0.368867,0.538938,0.368867,1.000000,0.87
264,cracks,segment crack,0.369257,0.539354,0.380812,0.924064,3.52
372,cracks,segment crack,0.369960,0.540103,0.369960,1.000000,0.60
134,cracks,segment crack,0.374464,0.544888,0.374502,0.999734,0.92
119,cracks,segment crack,0.379242,0.549929,0.380260,0.992994,0.66
216,cracks,segment crack,0.392869,0.564115,0.469940,0.705496,4.01
300,cracks,segment crack,0.397467,0.568839,0.609809,0.533028,1.81
9,cracks,segment crack,0.410899,0.582464,0.411182,0.998327,1.17
288,drywall,segment taping area,0.414196,0.585769,0.524545,0.663175,1.54
87,cracks,segment crack,0.425447,0.596932,0.998394,0.425739,7.49
370,cracks,segment crack,0.430875,0.602254,0.446514,0.924823,0.86
105,drywall,segment taping area,0.434226,0.605520,0.569789,0.646032,1.54
224,cracks,segment crack,0.439341,0.610476,0.746720,0.516277,7.91
276,cracks,segment crack,0.439602,0.610727,0.980285,0.443523,8.21
150,cracks,segment crack,0.441133,0.612203,0.640192,0.586559,2.11
391,cracks,segment crack,0.443854,0.614819,0.760189,0.516121,1.98
123,drywall,segment taping area,0.446576,0.617425,0.468924,0.903571,1.03
254,cracks,segment crack,0.447176,0.617998,0.453316,0.970601,1.12
362,cracks,segment crack,0.447436,0.618246,0.994971,0.448450,3.34
238,cracks,segment crack,0.447528,0.618334,0.498795,0.813229,1.86
221,drywall,segment taping area,0.448373,0.619140,0.507806,0.793002,4.56
177,cracks,segment crack,0.456432,0.626781,0.951366,0.467336,2.31
299,cracks,segment crack,0.459150,0.629339,0.734403,0.550573,2.15
379,drywall,segment taping area,0.465306,0.635097,0.466831,0.993030,28.62
287,cracks,segment crack,0.465525,0.635301,0.475105,0.958482,0.55
57,cracks,segment crack,0.466083,0.635820,0.772940,0.540021,7.77
54,cracks,segment crack,0.467790,0.637407,0.468381,0.997310,1.54
101,cracks,segment crack,0.468441,0.638011,0.890158,0.497179,6.92
228,cracks,segment crack,0.473951,0.643102,0.512099,0.864172,1.43
72,cracks,segment crack,0.476152,0.645126,0.493535,0.931126,3.11
98,drywall,segment taping area,0.477004,0.645907,0.480038,0.986923,2.63
242,cracks,segment crack,0.483180,0.651546,0.708115,0.603346,1.31
266,cracks,segment crack,0.486335,0.654408,1.000000,0.486335,5.34
27,cracks,segment crack,0.487322,0.655302,0.656142,0.654463,10.21
6,cracks,segment crack,0.488306,0.656190,0.490475,0.991025,2.45
182,cracks,segment crack,0.491444,0.659018,0.550277,0.821319,1.03
152,cracks,segment crack,0.493419,0.660791,0.493419,1.000000,1.46
341,cracks,segment crack,0.493961,0.661277,0.911675,0.518789,4.62
149,drywall,segment taping area,0.495869,0.662985,0.761307,0.587154,2.47
176,drywall,segment taping area,0.501620,0.668105,0.503725,0.991741,28.62
304,cracks,segment crack,0.502744,0.669101,0.502744,1.000000,1.19
201,cracks,segment crack,0.504291,0.670470,0.504870,0.997729,2.26
204,cracks,segment crack,0.504539,0.670689,0.521130,0.940644,4.13
298,cracks,segment crack,0.507409,0.673220,0.993475,0.509105,4.09
200,cracks,segment crack,0.507936,0.673683,0.545820,0.879780,9.88
373,cracks,segment crack,0.510498,0.675933,0.837974,0.566406,3.44
56,cracks,segment crack,0.524644,0.688219,0.527363,0.990269,1.25
58,cracks,segment crack,0.525098,0.688609,0.938867,0.543687,6.81
348,cracks,segment crack,0.525819,0.689229,0.681222,0.697426,3.75
329,cracks,segment crack,0.530749,0.693450,0.893402,0.566633,11.50
313,cracks,segment crack,0.531993,0.694511,0.593176,0.837603,4.40
339,cracks,segment crack,0.532811,0.695207,0.705057,0.685630,2.88
22,cracks,segment crack,0.532965,0.695338,0.984544,0.537462,13.48
154,cracks,segment crack,0.538596,0.700113,0.957746,0.551705,3.55
36,cracks,segment crack,0.538701,0.700203,0.867892,0.586820,10.14
342,cracks,segment crack,0.541813,0.702825,0.549925,0.973494,4.89
274,drywall,segment taping area,0.542094,0.703062,0.566513,0.926343,1.91
375,cracks,segment crack,0.543307,0.704082,0.543307,1.000000,6.15
183,cracks,segment crack,0.543337,0.704107,0.580561,0.894450,4.25
270,cracks,segment crack,0.547611,0.707685,0.560943,0.958404,2.75
234,cracks,segment crack,0.548731,0.708620,0.996155,0.549896,5.98
257,cracks,segment crack,0.551060,0.710559,0.856159,0.607283,4.60
172,cracks,segment crack,0.554906,0.713749,0.641838,0.803806,2.10
357,cracks,segment crack,0.555179,0.713975,0.564835,0.970129,5.36
45,cracks,segment crack,0.555672,0.714382,0.555672,1.000000,2.45
43,cracks,segment crack,0.555728,0.714428,0.616485,0.849369,1.24
39,cracks,segment crack,0.557788,0.716128,0.896908,0.595999,3.16
230,cracks,segment crack,0.562640,0.720115,0.606891,0.885275,2.49
275,cracks,segment crack,0.565706,0.722621,0.983420,0.571153,4.69
15,drywall,segment taping area,0.566031,0.722886,0.666973,0.789032,2.47
333,cracks,segment crack,0.566545,0.723305,0.885536,0.611312,7.36
8,drywall,segment taping area,0.568110,0.724579,0.990536,0.571210,10.87
18,cracks,segment crack,0.570808,0.726770,0.866618,0.625785,4.66
311,cracks,segment crack,0.571366,0.727222,0.955282,0.587068,3.78
292,cracks,segment crack,0.576270,0.731182,0.586896,0.969540,2.69
284,cracks,segment crack,0.578015,0.732585,0.726788,0.738474,1.49
67,cracks,segment crack,0.578084,0.732640,0.983767,0.583651,4.16
114,cracks,segment crack,0.579267,0.733590,0.610988,0.917745,3.60
139,cracks,segment crack,0.582914,0.736508,0.666439,0.823041,4.91
187,cracks,segment crack,0.583399,0.736894,0.593655,0.971239,5.04
17,cracks,segment crack,0.585274,0.738388,0.590380,0.985437,0.65
185,cracks,segment crack,0.585536,0.738597,0.606310,0.944719,1.24
364,cracks,segment crack,0.592783,0.744336,0.592783,1.000000,3.53
365,cracks,segment crack,0.593091,0.744579,0.899213,0.635324,5.40
140,cracks,segment crack,0.595494,0.746470,0.948055,0.615579,9.19
137,cracks,segment crack,0.595969,0.746843,0.886591,0.645152,2.42
164,cracks,segment crack,0.598397,0.748746,0.811405,0.695071,2.23
141,cracks,segment crack,0.599197,0.749372,0.609276,0.973133,1.24
79,cracks,segment crack,0.600335,0.750261,0.658165,0.872325,1.00
360,drywall,segment taping area,0.603096,0.752414,0.603096,1.000000,6.34
265,cracks,segment crack,0.604455,0.753471,0.607381,0.992093,4.51
175,cracks,segment crack,0.604685,0.753650,0.954245,0.622741,15.93
302,drywall,segment taping area,0.606901,0.755368,0.653248,0.895333,32.69
205,cracks,segment crack,0.608442,0.756561,0.611234,0.992547,5.08
198,cracks,segment crack,0.608479,0.756589,0.612213,0.990076,4.48
34,cracks,segment crack,0.609581,0.757440,0.610406,0.997786,2.43
286,cracks,segment crack,0.615677,0.762129,0.617827,0.994381,1.39
306,cracks,segment crack,0.616411,0.762691,0.680635,0.867244,3.86
277,drywall,segment taping area,0.616743,0.762945,0.987398,0.621636,5.57
239,cracks,segment crack,0.617188,0.763286,0.668293,0.889759,1.47
148,cracks,segment crack,0.617973,0.763886,0.708633,0.828482,25.63
30,cracks,segment crack,0.618215,0.764070,0.629879,0.970918,2.57
327,cracks,segment crack,0.624716,0.769015,0.873695,0.686736,12.50
271,cracks,segment crack,0.625828,0.769858,0.652121,0.939475,6.68
338,drywall,segment taping area,0.627306,0.770975,0.679271,0.891304,1.91
46,cracks,segment crack,0.628169,0.771626,0.777571,0.765771,1.34
272,drywall,segment taping area,0.629128,0.772349,0.969678,0.641753,10.11
138,cracks,segment crack,0.629885,0.772919,0.926391,0.663071,11.86
268,drywall,segment taping area,0.630149,0.773118,0.697776,0.866699,8.11
345,drywall,segment taping area,0.632395,0.774807,0.683286,0.894637,3.46
245,drywall,segment taping area,0.634516,0.776396,0.711451,0.854390,2.62
69,cracks,segment crack,0.635429,0.777079,0.641401,0.985559,2.60
392,cracks,segment crack,0.637993,0.778993,0.690410,0.893655,7.58
330,cracks,segment crack,0.638128,0.779094,0.641678,0.991405,1.73
307,drywall,segment taping area,0.646160,0.785052,0.730811,0.847989,3.46
297,cracks,segment crack,0.646194,0.785076,0.760140,0.811704,1.57
163,cracks,segment crack,0.647353,0.785931,0.903487,0.695444,10.46
145,cracks,segment crack,0.649262,0.787337,0.663744,0.967487,1.30
399,cracks,segment crack,0.650135,0.787978,0.675801,0.944807,8.53
394,cracks,segment crack,0.651443,0.788938,0.947822,0.675674,3.70
206,cracks,segment crack,0.651476,0.788962,0.977169,0.661546,5.21
136,cracks,segment crack,0.654572,0.791228,0.966970,0.669542,9.17
240,cracks,segment crack,0.656425,0.792580,0.813752,0.772482,2.08
371,drywall,segment taping area,0.656873,0.792907,0.662661,0.986877,3.48
282,cracks,segment crack,0.657520,0.793378,0.839508,0.752054,1.49
316,cracks,segment crack,0.659066,0.794503,0.671539,0.972591,3.68
188,drywall,segment taping area,0.659573,0.794871,0.956453,0.679994,4.57
192,cracks,segment crack,0.659837,0.795062,0.978301,0.669637,5.01
318,drywall,segment taping area,0.662221,0.796791,0.832649,0.763893,4.67
168,drywall,segment taping area,0.665232,0.798966,0.853424,0.751041,1.76
84,drywall,segment taping area,0.666667,0.800000,0.872919,0.738324,8.08
109,cracks,segment crack,0.668086,0.801021,0.705075,0.927191,1.53
85,cracks,segment crack,0.668990,0.801670,0.845946,0.761799,2.31
336,drywall,segment taping area,0.671156,0.803223,0.931920,0.705759,4.90
53,cracks,segment crack,0.672241,0.804000,0.962199,0.690476,4.12
59,cracks,segment crack,0.673083,0.804602,0.681832,0.981293,1.15
117,cracks,segment crack,0.674550,0.805650,0.704286,0.941096,0.90
48,cracks,segment crack,0.676663,0.807155,0.968060,0.692115,6.45
162,cracks,segment crack,0.676804,0.807255,0.956325,0.698391,5.24
378,cracks,segment crack,0.678432,0.808412,0.786394,0.831698,1.94
179,cracks,segment crack,0.678537,0.808487,0.761281,0.861933,3.84
159,cracks,segment crack,0.680373,0.809788,0.683692,0.992916,1.76
49,cracks,segment crack,0.684400,0.812633,0.867137,0.764576,9.98
251,cracks,segment crack,0.684625,0.812792,0.706855,0.956083,2.15
178,cracks,segment crack,0.685580,0.813465,0.848917,0.780855,1.00
315,cracks,segment crack,0.685861,0.813663,0.772824,0.859058,2.88
193,cracks,segment crack,0.686118,0.813843,0.866956,0.766863,4.27
38,drywall,segment taping area,0.687147,0.814567,0.722539,0.933459,4.65
130,drywall,segment taping area,0.687305,0.814678,0.818224,0.811162,2.12
289,cracks,segment crack,0.690173,0.816689,0.747918,0.899389,4.31
260,cracks,segment crack,0.690404,0.816851,1.000000,0.690404,4.35
320,drywall,segment taping area,0.691601,0.817688,0.741164,0.911833,13.82
349,cracks,segment crack,0.691674,0.817739,0.913829,0.739935,5.54
250,drywall,segment taping area,0.693022,0.818680,0.985242,0.700291,4.19
126,cracks,segment crack,0.696270,0.820943,0.946948,0.724533,5.35
104,drywall,segment taping area,0.696987,0.821441,0.837177,0.806285,4.77
280,drywall,segment taping area,0.697569,0.821844,0.932722,0.734528,4.80
24,cracks,segment crack,0.698657,0.822599,0.863529,0.785374,6.00
75,drywall,segment taping area,0.698726,0.822647,0.830386,0.815051,1.76
219,drywall,segment taping area,0.701478,0.824551,0.752656,0.911633,16.28
376,cracks,segment crack,0.702597,0.825324,0.711974,0.981600,7.11
223,drywall,segment taping area,0.702923,0.825549,0.723438,0.961221,20.35
4,cracks,segment crack,0.705610,0.827399,0.741268,0.936178,12.64
133,drywall,segment taping area,0.705818,0.827542,0.845287,0.810526,3.48
125,drywall,segment taping area,0.708118,0.829121,0.731394,0.956991,7.80
387,cracks,segment crack,0.709348,0.829963,0.728485,0.964289,3.10
402,cracks,segment crack,0.709701,0.830205,0.779966,0.887362,5.52
74,cracks,segment crack,0.709818,0.830285,0.765989,0.906363,10.82
61,cracks,segment crack,0.711317,0.831309,0.778360,0.891988,2.40
167,drywall,segment taping area,0.712226,0.831930,0.916574,0.761597,9.26
248,drywall,segment taping area,0.713153,0.832562,0.975551,0.726131,9.53
90,cracks,segment crack,0.713173,0.832575,0.746231,0.941516,7.57
380,cracks,segment crack,0.713335,0.832686,0.714135,0.998434,2.81
147,cracks,segment crack,0.713461,0.832772,0.745502,0.943183,3.87
95,cracks,segment crack,0.713640,0.832894,0.969661,0.729939,3.54
82,drywall,segment taping area,0.713706,0.832938,0.756064,0.927216,11.29
153,drywall,segment taping area,0.714581,0.833534,0.811817,0.856445,4.05
25,cracks,segment crack,0.717852,0.835755,0.997595,0.719096,8.31
81,cracks,segment crack,0.718494,0.836190,0.726865,0.984223,1.61
388,cracks,segment crack,0.719940,0.837169,0.994854,0.722631,4.05
106,cracks,segment crack,0.720916,0.837828,0.908912,0.777056,5.37
346,drywall,segment taping area,0.721038,0.837911,0.725360,0.991804,66.81
210,drywall,segment taping area,0.721871,0.838473,0.784172,0.900853,45.78
295,cracks,segment crack,0.722562,0.838939,0.954728,0.748197,11.88
281,cracks,segment crack,0.723066,0.839278,0.877412,0.804321,3.99
181,drywall,segment taping area,0.723414,0.839513,0.865233,0.815278,5.47
352,cracks,segment crack,0.723515,0.839581,0.748259,0.956292,5.79
350,drywall,segment taping area,0.727336,0.842147,0.866696,0.818951,4.70
70,cracks,segment crack,0.728608,0.843000,0.811580,0.876951,4.93
374,cracks,segment crack,0.729682,0.843718,0.919166,0.779716,10.29
262,cracks,segment crack,0.730718,0.844410,0.737691,0.987230,1.91
146,drywall,segment taping area,0.730885,0.844522,0.875169,0.815948,3.48
186,cracks,segment crack,0.731734,0.845088,0.849588,0.840635,4.70
42,drywall,segment taping area,0.732051,0.845299,0.997964,0.733145,12.73
92,cracks,segment crack,0.732657,0.845703,0.747759,0.973174,9.58
332,cracks,segment crack,0.732712,0.845740,0.829262,0.862887,7.17
285,cracks,segment crack,0.733411,0.846206,0.755662,0.961400,3.67
393,drywall,segment taping area,0.737905,0.849189,0.862595,0.836194,2.56
398,drywall,segment taping area,0.738321,0.849464,0.830611,0.869194,1.31
225,drywall,segment taping area,0.738734,0.849738,0.946793,0.770730,4.75
358,cracks,segment crack,0.741452,0.851533,0.755986,0.974727,8.29
267,drywall,segment taping area,0.741765,0.851740,0.945081,0.775179,2.39
347,drywall,segment taping area,0.742198,0.852025,0.996883,0.743924,8.92
110,drywall,segment taping area,0.743249,0.852717,0.808513,0.902034,12.31
310,cracks,segment crack,0.743625,0.852964,0.979750,0.755233,30.28
249,drywall,segment taping area,0.743739,0.853040,0.967677,0.762687,4.77
20,cracks,segment crack,0.745582,0.854250,0.948396,0.777108,7.17
326,drywall,segment taping area,0.745746,0.854358,0.827624,0.882876,3.32
209,cracks,segment crack,0.749503,0.856818,0.903637,0.814611,8.13
2,drywall,segment taping area,0.753189,0.859221,0.973197,0.769143,8.38
222,drywall,segment taping area,0.754991,0.860393,0.942938,0.791137,6.10
3,drywall,segment taping area,0.755241,0.860555,0.801953,0.928397,6.41
278,drywall,segment taping area,0.755255,0.860564,0.832192,0.890940,3.93
80,drywall,segment taping area,0.759689,0.863435,0.762238,0.995616,28.57
16,drywall,segment taping area,0.760482,0.863947,0.993846,0.764080,12.80
263,cracks,segment crack,0.761773,0.864780,0.775905,0.976648,5.14
296,cracks,segment crack,0.761975,0.864910,0.921476,0.814888,5.08
217,drywall,segment taping area,0.767159,0.868240,0.888961,0.848462,11.41
113,cracks,segment crack,0.769563,0.869778,0.970088,0.788268,7.82
28,cracks,segment crack,0.771940,0.871294,0.896000,0.847913,9.31
77,drywall,segment taping area,0.773245,0.872124,0.773406,0.999731,10.89
269,drywall,segment taping area,0.774186,0.872723,0.837525,0.911009,19.70
196,cracks,segment crack,0.774441,0.872885,0.890916,0.855569,18.33
161,drywall,segment taping area,0.775315,0.873440,0.836634,0.913633,11.41
390,cracks,segment crack,0.776048,0.873904,0.779802,0.993835,3.21
314,cracks,segment crack,0.778983,0.875762,0.916558,0.838443,11.42
229,cracks,segment crack,0.779114,0.875845,0.943508,0.817238,2.84
144,drywall,segment taping area,0.779194,0.875895,0.818004,0.942605,13.95
290,cracks,segment crack,0.781309,0.877230,0.835579,0.923251,6.25
258,cracks,segment crack,0.782717,0.878117,0.848688,0.909660,2.61
171,drywall,segment taping area,0.784580,0.879288,0.828277,0.936995,5.07
246,drywall,segment taping area,0.792744,0.884392,0.849226,0.922597,8.60
356,drywall,segment taping area,0.798296,0.887836,0.800330,0.996828,19.62
253,drywall,segment taping area,0.804646,0.891749,0.837445,0.953584,16.84
83,drywall,segment taping area,0.805384,0.892202,0.924307,0.862254,39.46
389,drywall,segment taping area,0.805858,0.892493,0.918281,0.868114,3.23
7,cracks,segment crack,0.806041,0.892606,0.827659,0.968614,1.79
55,drywall,segment taping area,0.806062,0.892618,0.848316,0.941802,23.57
127,cracks,segment crack,0.806674,0.892994,0.815450,0.986835,15.78
12,drywall,segment taping area,0.807207,0.893320,0.913266,0.874227,18.33
236,drywall,segment taping area,0.807691,0.893616,0.915852,0.872434,25.07
135,drywall,segment taping area,0.807941,0.893769,0.821813,0.979536,36.18
363,drywall,segment taping area,0.808166,0.893907,0.910274,0.878118,9.32
203,cracks,segment crack,0.809420,0.894674,0.892667,0.896689,13.98
353,drywall,segment taping area,0.809476,0.894708,0.847540,0.947435,5.41
120,drywall,segment taping area,0.811055,0.895671,0.887236,0.904268,4.90
121,drywall,segment taping area,0.811064,0.895677,0.873985,0.918473,8.38
115,drywall,segment taping area,0.812923,0.896809,0.892189,0.901477,19.70
11,cracks,segment crack,0.813130,0.896935,0.838337,0.964340,2.39
184,drywall,segment taping area,0.813559,0.897196,0.813559,1.000000,4.69
344,cracks,segment crack,0.815273,0.898237,0.847431,0.955524,5.32
303,drywall,segment taping area,0.819116,0.900565,0.822269,0.995341,31.86
68,drywall,segment taping area,0.819758,0.900953,0.835360,0.977724,11.20
259,drywall,segment taping area,0.820956,0.901676,0.919437,0.884588,16.35
97,drywall,segment taping area,0.820956,0.901676,0.946863,0.860606,4.00
66,drywall,segment taping area,0.822847,0.902815,0.926456,0.880351,25.07
191,cracks,segment crack,0.822917,0.902857,0.866571,0.942315,1.25
71,drywall,segment taping area,0.823047,0.902935,0.870427,0.937966,8.38
93,drywall,segment taping area,0.823735,0.903349,0.861771,0.949143,11.18
354,drywall,segment taping area,0.823742,0.903354,0.900660,0.906063,19.70
226,drywall,segment taping area,0.824606,0.903873,0.865090,0.946297,28.48
377,drywall,segment taping area,0.824673,0.903913,0.954713,0.858246,6.48
118,drywall,segment taping area,0.825813,0.904597,0.867593,0.944899,23.57
88,drywall,segment taping area,0.825982,0.904699,0.916516,0.893183,20.15
89,drywall,segment taping area,0.827139,0.905392,0.970371,0.848570,7.63
343,drywall,segment taping area,0.828176,0.906014,0.997606,0.829826,8.21
366,drywall,segment taping area,0.828384,0.906138,0.854663,0.964212,8.36
383,drywall,segment taping area,0.829029,0.906524,0.871662,0.944290,9.47
331,drywall,segment taping area,0.829953,0.907076,0.952993,0.865380,17.30
279,drywall,segment taping area,0.829962,0.907081,0.841470,0.983790,8.27
64,drywall,segment taping area,0.830126,0.907179,0.848214,0.974955,9.80
325,drywall,segment taping area,0.831141,0.907785,0.999598,0.831419,15.33
47,drywall,segment taping area,0.831952,0.908268,0.840540,0.987868,7.79
400,drywall,segment taping area,0.832767,0.908754,0.880521,0.938856,18.79
195,drywall,segment taping area,0.834093,0.909543,0.958141,0.865637,7.02
261,drywall,segment taping area,0.834599,0.909844,0.857599,0.968867,18.83
321,drywall,segment taping area,0.836451,0.910943,0.913071,0.908824,5.41
99,drywall,segment taping area,0.839287,0.912622,0.967888,0.863326,3.44
273,drywall,segment taping area,0.839614,0.912816,0.983275,0.851779,22.39
340,drywall,segment taping area,0.840333,0.913240,0.952006,0.877508,3.80
256,drywall,segment taping area,0.840984,0.913625,0.847080,0.991516,24.80
189,drywall,segment taping area,0.841055,0.913666,0.868845,0.963364,26.10
252,drywall,segment taping area,0.841262,0.913788,0.991692,0.847232,7.02
111,drywall,segment taping area,0.842505,0.914521,0.856566,0.980887,42.49
76,drywall,segment taping area,0.842802,0.914696,0.859528,0.977431,15.42
37,drywall,segment taping area,0.844113,0.915468,0.998067,0.845495,11.78
351,drywall,segment taping area,0.844770,0.915854,0.857180,0.983150,16.23
129,drywall,segment taping area,0.845107,0.916052,0.931653,0.900965,58.88
157,drywall,segment taping area,0.845241,0.916131,0.863912,0.975067,23.55
215,cracks,segment crack,0.847588,0.917507,0.889063,0.947832,2.05
52,cracks,segment crack,0.847706,0.917577,0.937701,0.898298,7.29
142,drywall,segment taping area,0.847940,0.917714,0.910581,0.924959,5.94
214,drywall,segment taping area,0.848645,0.918127,0.993143,0.853647,12.01
155,drywall,segment taping area,0.850001,0.918919,0.876102,0.966137,15.30
180,cracks,segment crack,0.850600,0.919270,0.938785,0.900550,2.27
324,drywall,segment taping area,0.850938,0.919467,0.875063,0.968618,7.02
237,drywall,segment taping area,0.853033,0.920689,0.956937,0.887086,10.27
100,drywall,segment taping area,0.853050,0.920698,0.881248,0.963846,18.73
86,drywall,segment taping area,0.854024,0.921266,0.865443,0.984787,11.47
103,drywall,segment taping area,0.855529,0.922140,0.898221,0.947368,6.79
361,drywall,segment taping area,0.855747,0.922267,0.887672,0.959668,25.47
396,drywall,segment taping area,0.856301,0.922589,0.869998,0.981947,10.70
386,drywall,segment taping area,0.856937,0.922957,0.907391,0.939067,46.19
323,drywall,segment taping area,0.857172,0.923094,0.938561,0.908128,8.00
190,drywall,segment taping area,0.859241,0.924292,0.966939,0.885249,8.92
40,drywall,segment taping area,0.859482,0.924431,0.942700,0.906858,2.81
384,drywall,segment taping area,0.859727,0.924573,0.975620,0.878603,10.27
1,drywall,segment taping area,0.859800,0.924616,0.928791,0.920478,51.97
308,drywall,segment taping area,0.860378,0.924949,0.876156,0.979498,57.28
207,drywall,segment taping area,0.861237,0.925446,0.869038,0.989684,14.53
0,drywall,segment taping area,0.863848,0.926951,0.983850,0.876274,10.13
143,drywall,segment taping area,0.864859,0.927533,0.894373,0.963247,3.27
23,drywall,segment taping area,0.867784,0.929213,0.874723,0.990942,21.86
91,drywall,segment taping area,0.867838,0.929243,0.885405,0.977648,16.08
5,drywall,segment taping area,0.868309,0.929514,0.977296,0.886185,26.28
197,drywall,segment taping area,0.868368,0.929547,0.991048,0.875233,10.87
283,drywall,segment taping area,0.868372,0.929549,0.942605,0.916850,15.50
62,cracks,segment crack,0.869535,0.930215,0.962287,0.900212,10.12
166,cracks,segment crack,0.869618,0.930262,0.885567,0.979710,7.39
241,drywall,segment taping area,0.870136,0.930559,0.889863,0.975156,18.83
367,drywall,segment taping area,0.871105,0.931113,0.944249,0.918337,21.43
305,drywall,segment taping area,0.871632,0.931414,0.906948,0.957237,26.46
158,drywall,segment taping area,0.871805,0.931513,0.975223,0.891553,15.33
33,cracks,segment crack,0.871985,0.931615,0.901123,0.964244,4.17
60,drywall,segment taping area,0.872158,0.931714,0.902760,0.962587,9.73
160,drywall,segment taping area,0.873724,0.932607,0.918356,0.947307,43.07
312,drywall,segment taping area,0.874175,0.932864,0.926816,0.938991,10.30
29,drywall,segment taping area,0.875889,0.933839,0.922136,0.945842,4.01
156,drywall,segment taping area,0.877650,0.934839,0.995735,0.880962,12.23
231,drywall,segment taping area,0.878679,0.935422,0.905274,0.967648,15.59
112,drywall,segment taping area,0.878798,0.935490,0.942256,0.928820,40.59
108,drywall,segment taping area,0.879272,0.935758,0.971567,0.902495,31.67
63,drywall,segment taping area,0.879399,0.935830,0.891850,0.984373,13.14
10,drywall,segment taping area,0.880951,0.936708,0.903167,0.972835,9.02
132,drywall,segment taping area,0.884086,0.938478,0.901430,0.978701,21.86
294,drywall,segment taping area,0.884752,0.938852,0.994925,0.888762,12.01
32,drywall,segment taping area,0.885476,0.939260,0.896203,0.986663,8.70
355,drywall,segment taping area,0.885968,0.939537,0.898745,0.984207,36.19
382,drywall,segment taping area,0.886132,0.939629,0.905196,0.976785,13.47
51,drywall,segment taping area,0.887328,0.940301,0.890676,0.995782,30.85
335,drywall,segment taping area,0.887390,0.940336,0.955814,0.925351,15.22
395,drywall,segment taping area,0.888088,0.940727,0.950832,0.930835,16.61
397,drywall,segment taping area,0.888744,0.941095,0.946095,0.936148,10.12
173,drywall,segment taping area,0.890195,0.941908,0.927472,0.956802,8.27
41,drywall,segment taping area,0.890878,0.942290,0.931310,0.953533,33.81
243,drywall,segment taping area,0.892372,0.943125,0.933286,0.953174,19.67
170,drywall,segment taping area,0.893687,0.943860,0.953903,0.934025,25.05
368,drywall,segment taping area,0.897262,0.945849,0.959469,0.932611,28.26
247,drywall,segment taping area,0.897461,0.945960,0.991197,0.904672,31.11
322,drywall,segment taping area,0.898449,0.946509,0.942472,0.950580,21.96
35,drywall,segment taping area,0.901744,0.948334,0.929120,0.968359,30.84
233,drywall,segment taping area,0.902110,0.948536,0.938937,0.958333,12.48
14,drywall,segment taping area,0.902256,0.948617,0.994071,0.907138,12.23
96,drywall,segment taping area,0.904587,0.949904,0.953170,0.946659,19.62
122,drywall,segment taping area,0.907500,0.951507,0.942468,0.960722,18.00
151,drywall,segment taping area,0.907512,0.951514,0.977751,0.926648,18.26
359,drywall,segment taping area,0.908904,0.952278,0.923283,0.983154,3.94
102,drywall,segment taping area,0.912699,0.954357,0.951188,0.957548,18.00
291,drywall,segment taping area,0.913749,0.954931,0.954952,0.954909,32.24
128,drywall,segment taping area,0.914441,0.955309,0.959741,0.950917,57.86
337,drywall,segment taping area,0.914702,0.955451,0.972823,0.938689,12.01
334,drywall,segment taping area,0.914706,0.955453,0.958238,0.952685,6.66
235,drywall,segment taping area,0.915268,0.955760,0.952073,0.959475,22.48
220,drywall,segment taping area,0.916683,0.956531,0.977237,0.936684,20.21
65,drywall,segment taping area,0.916813,0.956602,0.932073,0.982457,52.91
385,drywall,segment taping area,0.917745,0.957109,0.931052,0.984666,47.03
26,drywall,segment taping area,0.919412,0.958014,0.940219,0.976496,54.53
21,drywall,segment taping area,0.921315,0.959046,0.955404,0.962716,21.15
13,drywall,segment taping area,0.924970,0.961023,0.946883,0.975591,54.53
50,drywall,segment taping area,0.930884,0.964205,0.949961,0.978883,12.20
401,drywall,segment taping area,0.931188,0.964368,0.987654,0.942154,64.14
31,drywall,segment taping area,0.931888,0.964743,0.976989,0.952801,13.38
309,drywall,segment taping area,0.941431,0.969832,0.978378,0.961435,11.80
255,drywall,segment taping area,0.942623,0.970464,0.949873,0.991967,54.37
